image,caption
2410399168_1462c422d4.jpg,تظهر الصورة كلبان من فصيلة السلوقي وهما يلعبان في حقل عشبي، أحدهما يقفز بينما الآخر يركض.
241046599_28b0ca7b9f.jpg,"بالتأكيد، إليك وصف للصورة في جملة قصيرة:

كلب داشهوند أحمر اللون يرتدي سترة أرجوانية وخضراء ويقف في العشب الأخضر."
2410562803_56ec09f41c.jpg,"بالتأكيد، إليك وصف للصورة في جملة قصيرة:

تجلس ثلاثة أشخاص على مقاعد خشبية أمام متجر، وكل منهم منغمس في استخدام أجهزته الإلكترونية مثل الكمبيوتر المحمول والهواتف الذكية."
2410618963_fb78307d18.jpg,الصورة تظهر طفلاً يركض مبتسماً في زقاق مهجور مليء بالنفايات والجدران الملطخة بالكتابات على الجدران.
241109594_3cb90fe2a3.jpg,"بالتأكيد، إليك وصف للصورة في جملة قصيرة:

كلب أسترالي راعي صغير يسبح في الماء وهو يحمل عصا في فمه."
2411824767_4eb1fae823.jpg,"بالتأكيد، إليك وصف للصورة في جملة قصيرة:

كلب كورجي يركض ويقفز فوق بالات القش مع خلفية من الماء والمناظر الطبيعية."
2412390588_a89cab30f4.jpg,الصورة تظهر طفلاً صغيراً يرتدي معطفاً أحمر ويشير إلى زهرة توليب برتقالية في حقل مليء بالزهور الملونة.
241345323_f53eb5eec4.jpg,"بالتأكيد ، إليك وصف للصورة في جملة قصيرة:

يظهر لاعب كرة قدم يرتدي زي فريق أوكلاهوما سونرز رقم 50 في وضعية استعداد للعب ضد خصومه في ملعب ممتلئ بالمشاهدين."
241345427_ece0d186c2.jpg,"بالتأكيد ، إليك وصف للصورة في جملة قصيرة:

يظهر في الصورة لاعب كرة قدم يرتدي زي فريق واشنطن وهو يركض بالكرة بينما يحاول لاعب من الفريق المنافس إيقافه."
241345446_2e47ae8ddc.jpg,الصورة تظهر بوب ستونز، مدرب كرة القدم الأمريكية، وهو يقف على خط الملعب ويرتدي قميصًا أبيض عليه شعار جامعة أوكلاهوما.
241345522_c3c266a02a.jpg,"بالتأكيد ، إليك وصف للصورة في جملة قصيرة:

يظهر لاعب كرة قدم يرتدي زيًا بنفسجيًا وذهبيًا وهو يركض بالكرة على أرض الملعب ، بينما يتبعه حكم."
241345533_99c731403a.jpg,الصورة تظهر مدرب كرة قدم يرتدي سماعة رأس وقبعة بيضاء، ويبدو أنه يتحدث إلى حكم أو لاعب على أرض الملعب.
241345596_91e0e2daf5.jpg,"بالتأكيد ، إليك وصف للصورة في جملة قصيرة:

تظهر الصورة ثلاثة لاعبين في فريق كرة القدم بجامعة أوكلاهوما وهم يحتفلون بفوزهم أمام جمهور متحمس يرتدي اللون الأحمر."
241345639_1556a883b1.jpg,"بالتأكيد ، إليك وصف للصورة في جملة قصيرة:

تُظهر الصورة لاعب كرة قدم يرتدي قميصًا أحمر وهو يتعرض للعرقلة من قبل لاعبين يرتديان قميصًا أرجوانيًا في ملعب مليء بالمتفرجين."
241345656_861aacefde.jpg,"بالتأكيد ، إليك وصف للصورة في جملة قصيرة:

تظهر الصورة مشجعة رياضية ترتدي زيًا أحمر اللون وهي تؤدي رقصة على أرض الملعب أمام جمهور كبير يرتدي اللون الأحمر والأبيض."
241345721_3f3724a7fc.jpg,"بالتأكيد ، إليك وصف للصورة في جملة قصيرة:

يظهر لاعب كرة قدم يرتدي قميصًا أرجوانيًا وهو يسقط على الأرض بينما يحاول لاعب كرة قدم آخر يرتدي قميصًا أحمر إعاقته."
241345770_9f8aa6723c.jpg,"بالتأكيد ، إليك وصف للصورة في جملة قصيرة:

تُظهر الصورة لاعب كرة قدم من فريق واشنطن وهو يمرر الكرة بينما يواجه ضغطًا من لاعب من فريق الخصم ، مع وجود حشد كبير من المشاهدين في الخلفية."
241345811_46b5f157d4.jpg,"بالتأكيد ، إليك وصف للصورة في جملة قصيرة:

يظهر في الصورة مدرب كرة قدم يتحدث إلى لاعب كرة قدم على أرض الملعب ، مع وجود لاعبين آخرين في الخلفية وإعلان لكوكاكولا في الخلفية."
241345844_69e1c22464.jpg,"بالتأكيد ، إليك وصف للصورة في جملة قصيرة:

يظهر في الصورة مدرب كرة القدم وهو يتحدث إلى أحد اللاعبين على خط الملعب ، مع وجود لاعبين آخرين ومشجعين في الخلفية."
241345864_138471c9ea.jpg,"بالتأكيد ، إليك وصف موجز للصورة:

تظهر الصورة رجلًا يرفع امرأة مبتسمة في وضعية تشجيعية ، وكلاهما يرتديان ملابس تشجيعية لفريق ""Sooner"" ، مع وجود جمهور في الخلفية."
241345905_5826a72da1.jpg,"بالتأكيد ، إليك وصف للصورة في جملة قصيرة:

يظهر في الصورة لاعب كرة قدم مصاب على أرض الملعب ، بينما يقوم مدربان بفحصه."
241345942_ea76966542.jpg,"بالتأكيد ، إليك وصف للصورة في جملة قصيرة:

يظهر في الصورة لاعب كرة قدم من جامعة أوكلاهوما وهو يركض بالكرة بينما يحاول لاعب من جامعة واشنطن إيقافه."
241345981_1ef4f8109c.jpg,"بالتأكيد ، إليك وصف للصورة في جملة قصيرة:

تُظهر الصورة لاعب كرة قدم يرتدي زيًا أحمر اللون رقم 29 وهو يواجه لاعبين آخرين يرتديان زيًا أبيض وأرجوانيًا في ملعب كرة قدم."
241346105_c1c860db0d.jpg,"بالتأكيد ، إليك وصف للصورة في جملة قصيرة:

يظهر لاعب كرة القدم في جامعة أوكلاهوما وهو يركض بالكرة نحو خط النهاية وسط حشد من المشجعين واللاعبين."
241346146_f27759296d.jpg,"بالتأكيد ، إليك وصف للصورة في جملة قصيرة:

يظهر لاعب كرة قدم من فريق أوكلاهوما سونرز وهو يركض بالكرة بينما يحاول لاعب من فريق واشنطن أن يعرقله."
241346215_037e18403a.jpg,"بالتأكيد ، إليك وصف للصورة في جملة قصيرة:

تظهر الصورة شخصية تميمة حصان الجامعة في أوكلاهوما وهي تعطي مصافحة عالية لطفل في حشد من المشجعين الذين يرتدون اللون الأحمر."
241346260_f50d57b517.jpg,"بالتأكيد ، إليك وصف للصورة في جملة قصيرة:

تُظهر الصورة لاعب كرة قدم من جامعة واشنطن وهو يحاول الركض بالكرة بينما يواجهه لاعبان من جامعة أوكلاهوما في ملعب ممتلئ بالمشاهدين."
241346317_be3f07bd2e.jpg,"بالتأكيد ، إليك وصف للصورة في جملة قصيرة:

تظهر الصورة لاعب كرة قدم من فريق يرتدي الزي الأحمر وهو يحتفل بتسجيل هدف بينما يقع لاعب من الفريق المنافس على الأرض ، مع وجود حشد كبير من المشجعين المتحمسين في الخلفية."
241346352_c5a0ea43c6.jpg,"بالتأكيد ، إليك وصف للصورة في جملة قصيرة:

يظهر في الصورة لاعب كرة قدم يرتدي زيًا أرجوانيًا ورقم 17 وهو يرمي الكرة بينما يحاول لاعب آخر يرتدي زيًا أحمر رقم 41 اعتراضها ، مع وجود حشد كبير من المشاهدين في الخلفية."
241346402_5c070a0c6d.jpg,"بالتأكيد ، إليك وصف للصورة في جملة قصيرة:

يظهر في الصورة رجل يرتدي قبعة بيسبول ونظارات شمسية ، ويشاهد حدثًا رياضيًا في ملعب ممتلئ بالمشاهدين."
241346434_0527ea1c07.jpg,"بالتأكيد ، إليك وصف للصورة في جملة قصيرة:

يظهر في الصورة لاعب كرة قدم يرتدي زيًا أحمر وأبيض وهو يرمي الكرة في ملعب أخضر أمام جمهور كبير."
241346471_c756a8f139.jpg,"بالتأكيد ، إليك وصف للصورة في جملة قصيرة:

يظهر في الصورة لاعب كرة قدم من فريق أوكلاهوما سونرز وهو يركض بالكرة بينما يحاول لاعبون من فريق نورث وسترن إيقافه."
241346508_0b3907a95b.jpg,"بالتأكيد ، إليك وصف للصورة في جملة قصيرة:

تُظهر الصورة لاعب كرة قدم من فريق أوكلاهوما سونرز وهو يركض بالكرة بينما يحاول لاعبون من الفريق المنافس إيقافه."
241346580_b3c035d65c.jpg,"بالتأكيد ، إليك وصف للصورة في جملة قصيرة:

تُظهر الصورة لاعب كرة قدم من فريق أوكلاهوما سونرز وهو يركض بالكرة بينما يواجه لاعبين من الفريق المنافس في ملعب مليء بالجمهور."
241346709_23204cc2bc.jpg,"بالتأكيد ، إليك وصف للصورة في جملة قصيرة:

يظهر لاعب كرة قدم يرتدي زيًا بنفسجيًا وأبيض وهو يركض بالكرة على أرض الملعب ، مع وجود جمهور أحمر في الخلفية."
241346794_4319f8af67.jpg,"بالتأكيد ، إليك وصف للصورة في جملة قصيرة:

تُظهر الصورة خط هجوم فريق كرة القدم في جامعة أوكلاهوما (Sooner) في مواجهة خط دفاع فريق واشنطن (W) في مباراة كرة قدم."
241346885_f519ece460.jpg,"بالتأكيد ، إليك وصف للصورة في جملة قصيرة:

تُظهر الصورة لاعبي كرة القدم من جامعة واشنطن وهم يتبادلون الكرة في ملعب مليء بالجماهير التي ترتدي اللون الأحمر."
241346923_18bd84bea4.jpg,"بالتأكيد ، إليك وصف للصورة في جملة قصيرة:

يظهر لاعب كرة القدم من جامعة أوكلاهوما وهو يركض بالكرة في الملعب بينما يحاول اللاعبون من الفريق المنافس إيقافه ، مع وجود حشد كبير من المشجعين في الخلفية."
241346971_c100650320.jpg,"بالتأكيد ، إليك وصف للصورة في جملة قصيرة:

يظهر في الصورة لاعب كرة قدم يرتدي قميصًا أرجوانيًا ورقم 17 وهو يركض بينما يحاول لاعب آخر يرتدي قميصًا أحمر ورقم 6 إيقافه."
241347067_e58d05dbdc.jpg,"بالتأكيد ، إليك وصف للصورة في جملة قصيرة:

تظهر الصورة لاعب كرة قدم يرتدي زيًا أرجوانيًا وذهبيًا وهو يتعرض للعرقلة من قبل ثلاثة لاعبين يرتدون زيًا أحمر على أرض الملعب الخضراء."
241347114_6273736da8.jpg,"بالتأكيد ، إليك وصف للصورة في جملة قصيرة:

تظهر الصورة لاعب كرة قدم من فريق أوكلاهوما سونرز وهو يعرقل لاعبًا من فريق واشنطن هاسكيز أثناء مباراة كرة قدم."
241347150_5ff37818c2.jpg,"بالتأكيد ، إليك وصف للصورة في جملة قصيرة:

يظهر في الصورة لاعب كرة قدم يرتدي قميصًا أرجوانيًا ورقم 4 وهو يحاول الركض بالكرة بينما يواجهه لاعبان يرتديان قميصًا أحمر."
241347204_007d83e252.jpg,"بالتأكيد ، إليك وصف للصورة في جملة قصيرة:

تظهر الصورة لاعبي كرة القدم وهم يحتفلون بفوزهم أمام جمهور كبير ، بينما يتحدثون مع الحكم."
241347214_5f19e7998c.jpg,"بالتأكيد ، إليك وصف للصورة في جملة قصيرة:

تظهر الصورة لاعبي فريق كرة القدم ""أوكلاهوما سونرز"" يحتفلون بفوزهم برفع أحدهم على أكتاف زملائه في الملعب."
241347243_c751557497.jpg,"بالتأكيد ، إليك وصف للصورة في جملة قصيرة:

تُظهر الصورة لاعب كرة قدم يرتدي زي فريق أوكلاهوما سونرز رقم 12 في وضع الاستعداد قبل اللعب ، مع وجود لاعبين آخرين من فريقه وخصمهم في الملعب."
241347271_a39a5a0070.jpg,"بالتأكيد ، إليك وصف للصورة في جملة قصيرة:

تُظهر الصورة لاعب كرة قدم يرتدي زيًا أحمر اللون في وضعية استعداد للعب، مع وجود لاعبين آخرين من فريقهما وخلفية مليئة بالجمهور."
241347300_7c84ecf764.jpg,"بالتأكيد ، إليك وصف للصورة في جملة قصيرة:

تُظهر الصورة لاعب كرة قدم من فريق أوكلاهوما سونرز (رقم 3) وهو يركض بالكرة بينما يحاول لاعب من فريق نورث وسترن (رقم 23) إيقافه ، مع وجود حشد من المشجعين في الخلفية."
241347356_8a515555fd.jpg,"بالتأكيد ، إليك وصف للصورة في جملة قصيرة:

يظهر في الصورة لاعب كرة قدم يرتدي قميصًا أرجوانيًا ورقم 4 وهو يركض فوق لاعب آخر يرتدي قميصًا أحمر ورقم 92 أثناء مباراة كرة قدم أمام حشد كبير من المشاهدين."
241347391_4fcd4639f4.jpg,"بالتأكيد ، إليك وصف للصورة في جملة قصيرة:

يظهر لاعب كرة قدم يرتدي زي فريق ""أوكلاهوما سونرز"" رقم 42 في وضع الاستعداد قبل اللعب، مع وجود لاعبين من الفريق المنافس في المقدمة وحشد من المشجعين في الخلفية."
241347441_d3dd9b129f.jpg,"بالتأكيد ، إليك وصف للصورة في جملة قصيرة:

يظهر لاعب كرة قدم يرتدي زي فريق أوكلاهوما سونرز الأحمر رقم 42 وهو ينظر إلى الأمام على أرض الملعب."
241347460_81d5d62bf6.jpg,"بالتأكيد ، إليك وصف للصورة في جملة قصيرة:

يظهر لاعب كرة قدم يرتدي زي فريق أوكلاهوما وهو يركل الكرة على أرض الملعب أمام جمهور من المشاهدين."
241347496_1a35fec8dc.jpg,"بالتأكيد، إليك وصف للصورة في جملة قصيرة:

يظهر في الصورة لاعب كرة قدم أمريكي يرتدي زي فريق Arkansas Razorbacks، وهو يستعد لرمي الكرة في ملعب أخضر، مع وجود جمهور كبير يرتدي اللون الأحمر في الخلفية."
241347547_902725b9f8.jpg,"بالتأكيد ، إليك وصف للصورة في جملة قصيرة:

تظهر الصورة مدرب كرة قدم يرتدي قميصًا أرجوانيًا ونظارات شمسية وهو يتحدث مع شخص يرتدي قميصًا أحمر وسط مجموعة من لاعبي كرة القدم الذين يرتدون خوذات ذهبية وأرجوانية."
241347580_a1e20321d3.jpg,"بالتأكيد ، إليك وصف للصورة في جملة قصيرة:

تظهر الصورة فتاتين صغيرتين ترتديان قمصان كرة القدم الحمراء وهما تشاهدان مباراة من على حافة جدار من الطوب ، مع ابتسامة على وجه إحداهما ويدها على صدرها."
241347611_cb265be138.jpg,الصورة تظهر مدرب كرة القدم بوب ستونز وهو يمشي على خط الملعب، مع لاعبين في الخلفية ويرتدي زي فريق أوكلاهوما سونرز.
241347635_e691395c2f.jpg,"بالتأكيد ، إليك وصف للصورة في جملة قصيرة:

يظهر في الصورة رجل يرتدي قميصًا أرجوانيًا وبنطالًا بيجًا ونظارات شمسية ، ويمشي على أرض الملعب مع وجود جمهور في الخلفية."
241347664_4a3e7e5be7.jpg,"بالتأكيد ، إليك وصف للصورة في جملة قصيرة:

يظهر في الصورة أربعة لاعبين في فريق كرة القدم وهم يقومون بتمرين الإطالة على العشب الأخضر ، بينما يقف مدربهم فوقهم ويشرف عليهم."
241347689_d0b1ac297d.jpg,"بالتأكيد ، إليك وصف للصورة في جملة قصيرة:

تظهر الصورة مجموعة من لاعبي كرة القدم وهم يجلسون على العشب في ملعب كرة القدم، ويرتدي معظمهم قمصانًا حمراء وبيضاء، بينما يركز التركيز على لاعب يرتدي القميص رقم 42."
241347700_ef2451d256.jpg,"بالتأكيد ، إليك وصف للصورة في جملة قصيرة:

يصور هذا المنظر الخلفي لرجل يرتدي قبعة حمراء وقميصًا أحمر وهو يلتقط صورة بهاتفه المحمول في ملعب كرة قدم ممتلئ."
241347760_d44c8d3a01.jpg,الصورة تظهر لاعب كرة قدم أمريكي يرتدي زي فريق أوكلاهوما سونرز، وهو يقف على أرض الملعب.
241347803_afb04b12c4.jpg,"الصورة تظهر لاعب كرة قدم أمريكي يرتدي زي فريق ""أوكلاهوما سونرز"" باللون الأحمر، مع رقم 28 على ظهره."
241347823_6b25c3e58e.jpg,الصورة تظهر لاعب كرة قدم أمريكي يرتدي زي فريق أوكلاهوما سونرز، وهو رقم 19، ويشير بإصبعه.
241374292_11e3198daa.jpg,"بالتأكيد ، إليك وصف موجز للصورة:

تُظهر الصورة مجموعة من الناس يتجمعون حول مجموعة من التماثيل الخشبية الكبيرة التي تصور شخصيات تاريخية على متن مقطورة."
2414352262_005ae90407.jpg,الصورة تظهر طفلتين تلعبان وتقفزان على صخرة أمام جرف صخري، ويبدو أنهما تستمتعان بوقتيهما في الهواء الطلق.
2414384480_096867d695.jpg,الصورة تظهر مجموعة من الناس ينتظرون القطار في محطة مترو الأنفاق، مع وجود قطار يمر بسرعة في الخلفية.
2414390475_28a0107bb0.jpg,الصورة تظهر شابًا يبتسم وهو يقف في متجر، يرتدي قميصًا مطبوعًا عليه صورة، وخلفه أرفف تعرض حقائب وأشياء أخرى.
2414397449_2ac3b78e0d.jpg,"بالتأكيد، إليك وصف للصورة في جملة قصيرة:

تظهر الصورة كلبًا صغيرًا أبيض وأسود يقفز بفرح على ظهر كلب أكبر حجمًا لونه بني محمر، بينما يركضان في حقل أخضر مليء بالعشب."
2414710960_a4cde4af60.jpg,"بالتأكيد، إليك وصف للصورة في جملة قصيرة:

كلب رمادي اللون يرتدي سترة زرقاء ويجري بفرح وهو يحمل لعبة في فمه على خلفية من العشب الأخضر والأشجار."
2414986483_004936f84b.jpg,"بالتأكيد، إليك وصف للصورة في جملة قصيرة:

تشارك طفلة في الرقص مع شخص يرتدي زيًا أسودًا وقبعة، على ما يبدو في عرض أو حدث عام."
2415265825_fbfe0c8556.jpg,في الصورة، كلب أسود اللون يركض على الشاطئ الرملي، ويبدو أنه استمتع بالماء.
2415803492_56a673dc25.jpg,"بالتأكيد ، إليك وصف للصورة في جملة قصيرة:

يساعد رجل يرتدي بدلة وقبعة سوداء طفلة صغيرة على الرقص في مكان عام ، مع وجود جمهور يشاهد."
2416964653_db3c2b6a0e.jpg,الصورة تظهر فتاتين صغيرتين من أصل آسيوي تقفان بجانب بعضهما البعض، وتنظران بعيدًا، وترتديان ملابس ملونة.
2417341107_97dbab9c5e.jpg,الصورة تظهر طفلاً يقوم بحركة بهلوانية (قفزة بالعجلات) على الشاطئ، مع وجود البحر في الخلفية.
2417623030_afdc1024b5.jpg,"بالتأكيد، إليك وصف للصورة في جملة قصيرة:

تظهر الصورة أربعة أشخاص يرتدون ملابس رياضية، ويبدو أنهم أنهوا للتو تمرينًا رياضيًا، ويقفون بجانب شجرة نخيل في مكان يبدو أنه منتجع."
2417745327_a2c2705043.jpg,"بالتأكيد، إليك وصف للصورة في جملة قصيرة:

كلب بني اللون يركض بسعادة في مياه البحر المتلاطمة، مما يخلق رذاذًا من حوله."
2418191216_82711d5c5c.jpg,"بالتأكيد، إليك وصف للصورة في جملة قصيرة:

تظهر الصورة امرأة مسنة تبتسم وترتدي قبعة ونظارات شمسية، ويبدو أنها في نزهة أو رحلة في الهواء الطلق."
2419186511_f0ce5f9685.jpg,"بالتأكيد، إليك وصف للصورة في جملة قصيرة:

يستمتع طفل صغير باللعب في دلو من الماء، ويبتسم بسعادة مع إخراج لسانه."
2419221084_01a14176b4.jpg,تظهر الصورة كلبين صغيرين، أحدهما يركض والآخر يقف بجانب كرسي أبيض في حديقة.
2419591925_1038c6c570.jpg,الصورة تظهر طفلاً صغيراً يتسلق فوق حاجز خشبي مزين بسلاسل حديدية، ويبدو منشغلاً بشيء ما في الأسفل.
2419797375_553f867472.jpg,الصورة تظهر طفلة صغيرة ترتدي نظارات شمسية وقبعة، وتبتسم ابتسامة عريضة وهي جالسة في مقعد السيارة.
2420546021_4a59790da6.jpg,الصورة تظهر طفلة ترتدي زيًا تقليديًا ملونًا للغاية مع تاج مزين بالزهور، ووجهها مزين بطلاء أبيض وأحمر.
242064301_a9d12f1754.jpg,يظهر في الصورة رجل يمشي وهو يرتدي قميصًا أسود ونظارات شمسية وبنطال جينز، ويحمل حقيبة كتف.
2420696992_22e0dd467d.jpg,الصورة تظهر طفلاً صغيراً يجلس على سيارة لعبة زرقاء وبيضاء، ويبدو منشغلاً أو مستعداً للعب.
2420730259_86e7f8a815.jpg,"بالتأكيد، إليك وصف للصورة في جملة قصيرة:

يحتضن أب طفله الصغير الذي يبكي بينما يشاهدان سباقًا ماراثونيًا في الشارع."
242109387_e497277e07.jpg,الصورة تظهر طفلاً يبتسم وهو يقفز في قلعة هوائية ملونة.
2421446839_fe7d46c177.jpg,تُظهر الصورة كلبًا يقفز من نافذة سيارة إلى كلب آخر على الأرض، بينما تنظر امرأة من النافذة.
2422018883_336519b5c6.jpg,الصورة تظهر طفلة صغيرة ترتدي فستانًا منقوشًا باللونين الأزرق والأحمر، وهي تمشي أو تركض على أرضية مبللة.
2422302286_385725e3cf.jpg,"الصورة تظهر طفلاً سعيداً يجلس داخل سيارة لعبة حمراء وصفراء من نوع ""ليتل تيكس كوزي كوب""."
2422482455_b98d9c2120.jpg,تظهر الصورة امرأة تركض في حديقة خضراء وهي تحمل عصا، بينما يقفز كلب أسود كبير نحوها بحماس.
2423085253_6c19149855.jpg,
2423138514_950f79e432.jpg,
242324909_06d5a6c44b.jpg,"بالتأكيد، إليك وصف للصورة في جملة قصيرة:

كلب داشهوند أحمر اللون يمشي على ممر، ويبدو سعيدًا ومتحمسًا، مع لسان يتدلى من فمه."
2423292784_166ee54e0b.jpg,الصورة تظهر طفلاً صغيراً يرتدي مصفاة معدنية على رأسه، ويبدو عليه الغضب أو التذمر.
2423550887_ffc9bbcf71.jpg,تظهر الصورة شخصًا يقف أمام منارة بيضاء شاهقة وحطام قلعة قديمة، مع سماء زرقاء فاتحة في الخلفية.
2423856014_8df0e7f656.jpg,الصورة تظهر طفلاً صغيراً يركض بذراعين ممدودتين على العشب الأخضر أمام منزل.
2423894412_d952d5d103.jpg,"بالتأكيد، إليك وصف للصورة في جملة قصيرة:

يظهر في الصورة شخص يمارس رياضة تسلق الصخور في غابة، مع وجود وسادة واقية أسفل الصخرة."
2424111022_4e332b8aee.jpg,الصورة تظهر طفلاً يبتسم وهو يجلس في غابة مليئة بالأشجار والنباتات الخضراء.
2424398046_1a55c71376.jpg,الصورة تظهر طفلاً صغيراً يعزف على آلة الأوكاليلو الحمراء، ويبدو سعيداً ومتحمساً.
2424976964_98f58a0618.jpg,تُظهر الصورة مجموعة من الأشخاص يسيرون أو يركبون الدراجات على طول شارع في مدينة، مع وجود سيارات وأشجار في الخلفية.
2425262733_afe0718276.jpg,الصورة تظهر شابًا يقوم بحركة بهلوانية على لوح التزلج فوق حافة خرسانية، مع خلفية من السماء الزرقاء وسقف خشبي.
242558556_12f4d1cabc.jpg,الصورة تظهر امرأة شابة ذات شعر أشقر وعينين زرقاوين، تبتسم للكاميرا وهي تحتضن كوعها، مع خلفية طبيعية من العشب والسماء الزرقاء.
242559369_9ae90ed0b4.jpg,
2426215757_e008a91fcb.jpg,الصورة تظهر فتاة تبتسم وهي تمارس التزلج على الماء، محاطة برشاشات المياه، مع خلفية ضبابية من الأشجار.
2426303900_0a8d52eb14.jpg,
2426724282_237bca30b5.jpg,"بالتأكيد، إليك وصف للصورة في جملة قصيرة:

يظهر كلب أبيض وأسود وهو يقفز في الهواء بحماس للإمساك بقرص طائر في حقل عشبي."
2426781076_e3f4d2685c.jpg,الصورة تظهر صبيًا ينزلق على زلاقة هوائية ملونة، ويبدو أنه يستمتع بوقت ممتع.
2426828433_ce894d1c54.jpg,"بالتأكيد، إليك وصف للصورة في جملة قصيرة:

تظهر الصورة ثلاثة كلاب سوداء من فصيلة لابرادور ريتريفر وهي تركض وتلعب في حقل أخضر من العشب."
2427490900_5b7a8874b9.jpg,"بالتأكيد، إليك وصف للصورة في جملة قصيرة:

تُظهر الصورة نصبًا تذكاريًا كبيرًا من الحجر الوردي مع نص مكتوب عليه باللغتين الإنجليزية والفرنسية، ويجلس حوله عدد من الأشخاص في ساحة عامة مشمسة."
2427558437_3e839056d7.jpg,"بالتأكيد، إليك وصف للصورة في جملة قصيرة:

تظهر الصورة كلبين، أحدهما كبير الحجم ذو لون بني، والآخر صغير الحجم ذو فراء خشن، يقفان بجانب بحيرة في يوم مشمس."
2428086758_bce4733f7e.jpg,تُظهر الصورة كلبين يلتقيان على شاطئ بحيرة، حيث يشم الكلب الأكبر حجمًا الكلب الأصغر.
2428094795_d3a8f46046.jpg,الصورة تظهر طفلة صغيرة ترتدي معطفًا وقبعة بنفسجية، وهي تقود دراجة ثلاثية العجلات على طريق في حديقة خضراء.
2428275562_4bde2bc5ea.jpg,في الصورة، يركض كلب حدودي أسود وأبيض بحماس عبر كثبان رملية، مما يتسبب في رش رذاذ من الرمل في الهواء.
2428751994_88a6808246.jpg,في الصورة، كلب سعيد يجري في حقل أخضر عشبي.
2428797297_7fc3c862db.jpg,"بالتأكيد، إليك وصف للصورة في جملة قصيرة:

تتشارك كلبان، أحدهما بلون كريمي والآخر أسود وأبيض، في لعبة على شكل طائر أخضر اللون على سجادة مزخرفة."
2428959030_bdffc2812e.jpg,الصورة تظهر شابًا يمارس رياضة التزلج على لوح فوق حافة خرسانية مع سياج معدني في الخلفية.
2429212017_77fc107699.jpg,"بالتأكيد، إليك وصف للصورة في جملة قصيرة:

تظهر الصورة طفلين يلعبان في حديقة خضراء مع مجموعة من الحيوانات، بما في ذلك الماعز والأبقار والدجاج، مع وجود سياج خشبي وخلفية من النباتات الخضراء."
2429272699_8a9699775e.jpg,الصورة تظهر رجلاً يمشي على الرصيف وهو ينظر إلى هاتفه المحمول، مع خلفية ضبابية بسبب الحركة.
2429729667_42effc165d.jpg,"بالتأكيد، إليك وصف للصورة في جملة قصيرة:

تُظهر الصورة شخصًا يرتدي زيًا تاريخيًا وهو يقدم لعبة رمي الحلقات لطفلين أمام خلفية مرسومة تصور مشهدًا بحريًا."
2429978680_1e18a13835.jpg,"بالتأكيد، إليك وصف للصورة في جملة قصيرة:

يظهر في الصورة كلب بني وأبيض اللون وهو يركض بحماس وهو يحمل كرة من العشب في فمه."
2430860418_fd0726f414.jpg,"بالتأكيد ، إليك وصف للصورة في جملة قصيرة:

كلب أبيض اللون يركض في حديقة للكلاب ، مع كلب آخر وحاجيات في الخلفية."
2431120202_b24fe2333a.jpg,الصورة تظهر طفلة ترتدي ملابس شتوية وتقوم بالتزلج على الثلج في يوم مشمس.
2431470169_0eeba7d602.jpg,يقرأ رجل جالسًا على كرسي في الهواء الطلق، مع وجود طاولة وبعض الكراسي الأخرى حوله، وخلفه نافذة زجاجية.
2431723485_bc6b8e6418.jpg,"بالتأكيد، إليك وصف للصورة في جملة قصيرة:

تُظهر الصورة شخصًا يركب دراجة في غابة، مع التركيز على الحركة والسرعة بفضل تأثير الضبابية في الخلفية."
2431832075_00aa1a4457.jpg,الصورة تظهر طفلة صغيرة تلعب على قطعة قماش كبيرة وملونة، ربما في ملعب أو حديقة.
2432038587_5e4148e277.jpg,"بالتأكيد، إليك وصف للصورة في جملة قصيرة:

تطارد كلب أسود اثنين من الإوز الكندي في حقل عشبي."
2432061076_0955d52854.jpg,في الصورة، يركض كلب بوكسر بني اللون بسعادة في الماء على الشاطئ، مع خلفية من المدينة والسماء الزرقاء الصافية.
2432709509_2a4d0c833f.jpg,الصورة تظهر طفلاً صغيراً جالساً على العشب الأخضر بجوار فتحة تصريف مياه خرسانية، ويبدو سعيداً ومبتسماً.
2433175169_da939372f2.jpg,الصورة تظهر رجلاً يقف بذراعين ممدودتين على قمة صخرية، مع خلفية من سماء رمادية وضباب.
2434006663_207a284cec.jpg,تظهر الصورة كلبين يركضان بسرعة في منطقة رملية، مع وجود أشجار في الخلفية.
2434074318_e35a567220.jpg,يظهر في الصورة رجل يقف بجانب علامة حدودية معدنية على قمة جبل، مع منظر طبيعي صحراوي واسع في الخلفية.
2435166927_28b8130660.jpg,الصورة تظهر فتاة ذات شعر داكن ترتدي سترة رمادية، وهي ترفع ذراعيها وتبدو وكأنها تستعد للرقص أو القيام بحركة مرحة، مع وجود أشخاص آخرين في الخلفية.
2435685480_a79d42e564.jpg,"بالتأكيد، إليك وصف للصورة في جملة قصيرة:

تجلس امرأة ترتدي ملابس دافئة وحقيبة ظهر على صخرة مرتفعة، وتنظر إلى منظر طبيعي ضبابي."
2436081047_bca044c1d3.jpg,الصورة تظهر طفلة صغيرة تتسلق هيكل لعبة في حديقة عامة، بينما يظهر مبنى سكني في الخلفية.
2436160351_108924a65b.jpg,"بالتأكيد، إليك وصف للصورة في جملة قصيرة:

يظهر في الصورة طفلان صغيران، أحدهما يمشي بجانب الآخر بينما يجلس الآخر على دراجة ثلاثية العجلات حمراء، ويبدو أنهما يلعبان في منطقة ريفية."
2436398074_8737f40869.jpg,"بالتأكيد، إليك وصف للصورة في جملة قصيرة:

يستمتع كلب أسود بلعب الماء المتدفق من رشاش الحديقة، ويبدو أنه يحاول الإمساك بالماء بفمه."
2437266971_b91a8f9a00.jpg,الصورة تظهر شخصًا يرتدي قناع جاي فوكس الشهير، ويرتدي قميصًا وربطة عنق، ويحمل مجموعة من الأوراق في يده، ويبدو أنه في مظاهرة أو احتجاج.
2438085746_588dce8724.jpg,"بالتأكيد، إليك وصف للصورة في جملة قصيرة:

كلب أبيض وأسود يقفز عالياً في الهواء محاولاً الإمساك بقرص طائر أخضر."
2439031566_2e0c0d3550.jpg,"بالتأكيد، إليك وصف للصورة في جملة قصيرة:

تُظهر الصورة زوجين يركبان دراجة نارية هارلي ديفيدسون على طريق في المدينة، كلاهما يرتدي خوذات واقية."
2439154641_bbf985aa57.jpg,الصورة تظهر رجلاً يقفز في الهواء بذراع ممدودة، مع خلفية من المناظر الطبيعية الجبلية والسماء الزرقاء الصافية.
2439384468_58934deab6.jpg,تُظهر الصورة كلبين من سلالة دوبرمان بينشر يركضان في حقل عشبي، أحدهما يحمل كرة في فمه.
2439813616_c9ac54cc9f.jpg,"بالتأكيد، إليك وصف للصورة في جملة قصيرة:

يظهر في الصورة متزلج يقوم بحركة بهلوانية على لوح التزلج فوق قطعة خرسانية كبيرة، مع خلفية من سماء زرقاء داكنة وأشجار."
2441313372_6a1d59582b.jpg,الصورة تظهر صبيًا نائمًا في سرير المستشفى، يرتدي جبيرة سوداء على ذراعه اليسرى، ويبدو أنه تعرض لإصابة.
2441354291_b32e00e5a6.jpg,الصورة تظهر طفلاً يقفز في بركة ماء، مع انعكاسه الظاهر بوضوح في الماء.
2441629086_52f68eb316.jpg,الصورة تظهر طفلة جاثمة على ركبتيها أمام نافذة، تنظر إلى الخارج، مع وجود كوب بجانبها.
2441815792_43565b1312.jpg,"بالتأكيد ، إليك وصف للصورة في جملة قصيرة:

تُظهر الصورة مجموعة من الأشخاص يقفون في الخارج بينما يلتقط شخص آخر صورة لهم."
2442243868_abe8f74fb4.jpg,"بالتأكيد، إليك وصف للصورة في جملة قصيرة:

يظهر الكلب ذو الفرو الذهبي وهو يركض بحماس لالتقاط لعبة صفراء في الهواء."
2443229844_277cded27d.jpg,الصورة تظهر طفلاً سعيداً يرفع ذراعيه بفرح بينما يقف بجانب عربة خشبية مليئة بأدوات الرسم في حديقة.
2443380641_7b38d18f5b.jpg,"بالتأكيد ، إليك وصف للصورة في جملة قصيرة:

الصورة تظهر طفلاً يرتدي خوذة وقبعة واقية وهو يضرب كرة في لعبة بيسبول، بينما يقف مدربه وراءه ويشجعه، ويراقبهم شاب آخر."
2443512473_6f5a22eb42.jpg,تظهر الصورة كلبًا من سلالة Border Collie وهو يركض برشاقة بين أعمدة في مسابقة أجيليتي (الرشاقة).
244368383_e90b6b2f20.jpg,"بالتأكيد ، إليك وصف للصورة في جملة قصيرة:

تُظهر الصورة حشدًا كبيرًا من الناس في بيئة صحراوية ، ربما في مهرجان أو حدث مثل Burning Man ، حيث يرتدي الكثير منهم ملابس غير تقليدية أو قليلة."
244399048_8332bb3270.jpg,"بالتأكيد، إليك وصف للصورة في جملة قصيرة:

كلب شيه تزو صغير يقف على قدميه الخلفيتين ويحاول الإمساك بلعبة معلقة فوقه."
2444134813_20895c640c.jpg,تُظهر الصورة أربعة كلاب من نوع جاك راسل تيرير وهي تقفز فوق حواجز في سباق رشاقة الكلاب، وترتدي كلابًا ملونة.
2444339090_bf7b3211f4.jpg,"بالتأكيد، إليك وصف للصورة في جملة قصيرة:

يظهر في الصورة كلب أبيض اللون مع بقعة سوداء حول عينه وهو يركض عبر مسار عقبات في حديقة خضراء."
244443352_d7636e1253.jpg,"بالتأكيد، إليك وصف للصورة في جملة قصيرة:

كلب ذهبي اللون يستمتع بالركض والانزلاق في الثلج، ويبدو سعيدًا ومتحمسًا."
2444741900_5cb3ef3e1d.jpg,تُظهر الصورة منظرًا طبيعيًا جبليًا مغطى بالثلوج، حيث يستمتع الناس بالأنشطة الشتوية مثل التزلج والاسترخاء في الشمس.
2444821454_22a346c996.jpg,في الصورة، كلب من سلالة Border Collie يقفز لالتقاط قرص طائر أحمر وأزرق في حقل أخضر.
2444935470_7b0226b756.jpg,الصورة تظهر طفلاً صغيراً يقف في حديقة أو غابة، محاطاً بالأشجار والنباتات الخضراء.
2445283938_ff477c7952.jpg,"بالتأكيد، إليك وصف للصورة في جملة قصيرة:

تجلس مجموعة من الفتيات الصغيرات حافية القدمين في دائرة على أرضية بنية اللون، ويبدو أنهن في مكان ترفيهي أو ملعب."
2445442929_8c81d42460.jpg,تُظهر الصورة رجلاً جالساً على طاولة في الهواء الطلق، يواجه مجموعة من الناس في الخلفية، مع وجود طعام وشراب على الطاولة أمامه.
2445654384_4ee3e486e1.jpg,"بالتأكيد، إليك وصف للصورة في جملة قصيرة:

يساعد أب طفله الصغير على الانزلاق من زلاقة في ملعب، وكلاهما يرتدي نظارات شمسية."
244571201_0339d8e8d1.jpg,تُظهر الصورة مجموعة من الأشخاص والكلاب يستمتعون بالسباحة في مسبح في الهواء الطلق.
2445783904_e6c38a3a3d.jpg,"بالتأكيد، إليك وصف للصورة في جملة قصيرة:

كلب رمادي اللون، ربما من سلالة ويندهون، ينحني في العشب الأخضر الطويل، ويبدو أنه يستكشف أو يتعقب شيئًا ما."
2446315531_7c9704eec0.jpg,"بالتأكيد، إليك وصف للصورة في جملة قصيرة:

تتصارع كلبان ذهبيان اللون على أرض ترابية، ويبدو أنهما يستمتعان باللعب."
2446601467_a35841cb1d.jpg,"بالتأكيد، إليك وصف للصورة في جملة قصيرة:

يختبئ طفل صغير خلف مقعد أزرق في مكان يبدو أنه داخل وسيلة نقل، مع ظهور عينيه فقط."
2447035752_415f4bb152.jpg,تُظهر الصورة مجموعة من الناس يستمتعون بالسباحة في برك مائية طبيعية بجانب نهر، محاطين بالمناظر الطبيعية الخلابة.
2447284966_d6bbdb4b6e.jpg,الصورة تظهر طفلاً صغيراً يحمل مضرب بيسبول ويتظاهر بالضرب في ملعب بيسبول، بينما يوجد جمهور في الخلفية.
2447289477_e888df561d.jpg,"بالتأكيد، إليك وصف للصورة في جملة قصيرة:

تجلس امرأة على مقعد أبيض في معرض فني، بينما يمر أشخاص آخرون في الخلفية بشكل ضبابي."
244760289_f4467b2b67.jpg,"بالتأكيد، إليك وصف للصورة في جملة قصيرة:

تُظهر الصورة ثلاثة شبان يقفون على شاطئ رملي، وينظرون إلى الأسفل بينما تغسل الأمواج أقدامهم، مع وجود مناظر طبيعية ضبابية في الخلفية."
244760301_5809214866.jpg,تُظهر الصورة مجموعة من الأشخاص، يبدو أنهم كشافة، يسيرون على تل عشبي في يوم غائم، يحملون حقائب ظهر كبيرة ويستخدمون عصي المشي.
244774022_a12c07afdb.jpg,يظهر في الصورة شخص يمارس رياضة ركوب الأمواج على موجة كبيرة، مع تناثر المياه حوله.
2447972568_1e9b287691.jpg,"بالتأكيد، إليك وصف للصورة في جملة قصيرة:

يُظهر المشهد أبًا يرفع ابنه الصغير في الهواء بفرح، ويبدو أن الطفل يستمتع باللحظة مع ابتسامة عريضة."
2448210587_9fe7ea5f42.jpg,"بالتأكيد، إليك وصف للصورة في جملة قصيرة:

تجلس امرأة مسنة على جذع شجرة في حديقة، بينما يقف كلب بولدوج أبيض بجانبها."
2448270671_5e0e391a80.jpg,"بالتأكيد، إليك وصف للصورة في جملة قصيرة:

يظهر كلب رمادي اللون، ربما من سلالة ويما رانر، وهو يقفز فوق جذع شجرة في غابة خضراء مورقة."
2448393373_80c011d301.jpg,الصورة تظهر طفلاً يلعب البيسبول، وهو يرمي الكرة بينما يحمل المضرب.
244867897_d00369a779.jpg,"بالتأكيد، إليك وصف للصورة في جملة قصيرة:

تتشارك كلبان من سلالة البيتبول بلون ذهبي فاتح في لعبة شد الحبل على كيس قماشي على سطح خشبي."
244870123_dcb6e53643.jpg,"بالتأكيد، إليك وصف للصورة في جملة قصيرة:

تتصارع كلبان بلون بني فاتح على قطعة قماش بيضاء على سطح خشبي، مع وجود سياج رمادي في الخلفية."
2448793019_5881c025f9.jpg,الصورة تظهر طفلاً صغيراً يرتدي نظارات شمسية وملابس عادية يجلس على زلاقة زرقاء في ملعب رملي، ويبدو شعره منتفخاً بسبب الكهرباء الساكنة.
244910130_e1f823a28a.jpg,الصورة تظهر رجلاً يجلس على العشب أمام شجرة صنوبر، وهو يرتدي قميصًا مطبوعًا ونظارات، ويبدو منشغلاً في التحدث أو الشرح بحركات يديه.
244910177_7c4ec3f65b.jpg,"بالتأكيد ، إليك وصف للصورة في جملة قصيرة:

تُظهر الصورة أربع نساء يسيرن في الشارع ، ويحملن جميعًا مشروبات في أكواب بلاستيكية ، ويبدو أنهن يستمتعن بيومهن."
2449289139_08fc1092c1.jpg,"بالتأكيد، إليك وصف للصورة في جملة قصيرة:

تظهر الصورة كلبًا يركض على ممر حجري في حديقة خضراء مورقة، مع أشعة الشمس الذهبية التي تضيء الأشجار ذات الأوراق الحمراء."
2449446913_28fa5b7c75.jpg,"بالتأكيد، إليك وصف للصورة في جملة قصيرة:

تظهر الصورة فريق بيسبول يرتدي قمصانًا زرقاء داكنة عليها كلمة ""Grizzlys"" وهم يسيرون عائدين إلى مقاعد البدلاء بعد انتهاء الشوط."
2449518585_113dc4a8e5.jpg,"بالتأكيد، إليك وصف للصورة في جملة قصيرة:

تستمتع فتاة صغيرة باللعب على أرجوحة في حديقة مشمسة، وتبتسم للكاميرا."
2449552677_ee78f01bae.jpg,"بالتأكيد، إليك وصف للصورة في جملة قصيرة:

تُظهر الصورة شخصًا في كرسي متحرك يجلس بجوار مدخل مرآب سيارات عليه علامة ""PARK"" كبيرة باللون الأحمر والأبيض، مع وجود نباتات خضراء في المقدمة."
2450299735_62c095f40e.jpg,
2450453051_f1d4a78ab4.jpg,تُظهر الصورة رجلًا يرمي قرصًا لكلبه، وهو كلب حدودي يرتفع في الهواء لالتقاطه خلال تحدي Purina Incredible Dog.
2450486758_a66fd296ea.jpg,تُظهر الصورة رجلاً يرمي قرصًا طائرًا لكلب يقفز في الهواء لالتقاطه أمام حشد من المتفرجين.
2451114871_8617ae2f16.jpg,تُظهر الصورة ثلاثة كلاب سلق في سباق، وهي تركض بسرعة على مسار ترابي.
2451285022_59255e7fd9.jpg,يظهر في الصورة رجل يرتدي قبعة بيضاء وقميصًا أبيض وسروالًا قصيرًا رماديًا، وهو يجلس القرفصاء بجانب كلب لابرادور بني داكن مبلل، ويبدو أنه يربت عليه بلطف.
2451988767_244bff98d1.jpg,الصورة تظهر طفلًا صغيرًا مصابًا في ساقه ملفوفة باللون الأزرق، بينما يجلس طفل آخر يرتدي رداءً أحمرًا بجانبه.
2452238877_2340609c6e.jpg,"بالتأكيد، إليك وصف للصورة في جملة قصيرة:

كلب ذهبي اللون يقفز من على شرفة منزل خشبي، ويبدو سعيدًا ومتحمسًا."
2452334314_a7c443a787.jpg,تُظهر الصورة راكبًا على ظهر حصان أبيض يقفز فوق حاجز خشبي في مسابقة للفروسية.
245252561_4f20f1c89e.jpg,الصورة تظهر كلبين صغيرين يلعبان أو يتشاجران على أرضية رمادية.
2452686995_621878f561.jpg,تُظهر الصورة شلالًا مذهلاً يتدفق على صخرة مغطاة بالطحالب الخضراء، مع وجود مسار للمشي بجانب الشلال وبعض الأشخاص يسيرون عليه.
2453318633_550228acd4.jpg,الصورة تظهر كلبًا من فصيلة الراعي الألماني يقفز عبر حلقة مشتعلة بالنيران في عرض بهلواني.
2453891449_fedb277908.jpg,"بالتأكيد ، إليك وصف للصورة في جملة قصيرة:

تظهر الصورة كلبين يركضان في حديقة خضراء محاطة بالأشجار وسياج."
2453971388_76616b6a82.jpg,الصورة تظهر طفلتين صغيرتين تلهوان بالركض واللعب في نافورة ماء زرقاء اللون، بينما يحيط بهما أشخاص آخرون يستمتعون أيضًا.
2453990033_df53f0d8c8.jpg,الصورة تظهر فتاة صغيرة ترتدي بدلة رياضية حمراء وهي تقفز في الهواء على ممر في حديقة.
245442617_407eba1e98.jpg,تُظهر الصورة امرأة مبتسمة تحمل سمكة صغيرة معلقة بخيط صيد، وخلفها نهر وأشجار خضراء.
2455286250_fb6a66175a.jpg,"بالتأكيد ، إليك وصف للصورة في جملة قصيرة:

تظهر الصورة طفلة ترتدي قميصًا أبيض وسراويل قصيرة زرقاء وجوارب زرقاء وهي تستعد لرمي كرة قدم فوق رأسها في ملعب عشبي بينما يشاهدها عدد قليل من البالغين من بعيد."
2455528149_6c3477fd33.jpg,تُظهر الصورة مشهدًا في مدينة، حيث يعرض فنانون أعمالهم على حاملات، بينما يسير رجل يحمل مجموعة من الصور على رأسه.
2456030728_d3d147e774.jpg,
2456615908_59cdac6605.jpg,في الصورة، يقفز كلب أسود فوق سياج وهو يحمل طائرًا في فمه.
2456907314_49bc4591c4.jpg,"بالتأكيد، إليك وصف للصورة في جملة قصيرة:

يظهر في الصورة رجل يقف على متن قارب في نهر، وهو يحمل عصا ويستخدمها للدفع، مع خلفية غروب الشمس."
2457052334_b5a1d99048.jpg,"بالتأكيد، إليك وصف للصورة في جملة قصيرة:

يظهر في الصورة شخص يتسلق صخرة كبيرة في الغابة، بينما يقف شخص آخر في الأسفل لتقديم الدعم أو المساعدة."
2458006588_754c4aa09c.jpg,"بالتأكيد، إليك وصف للصورة في جملة قصيرة:

تظهر الصورة كلب دوبرمان أسود وبني يقف بثبات على هيكل معدني صدئ فوق نهر أو مجرى مائي، مع خلفية من الأشجار والأوراق المتساقطة."
2458033289_f0616879df.jpg,"بالتأكيد، إليك وصف للصورة في جملة قصيرة:

يظهر رجل ذو لحية بيضاء يرتدي قبعة زرقاء وقميصًا أبيض، يقف أمام ورشة لإصلاح الإطارات المستعملة."
2458269558_277012780d.jpg,الصورة تظهر طفلاً صغيراً يبتسم بسعادة وهو يتأرجح على أرجوحة في حديقة خضراء.
2458862292_466a920ee2.jpg,"بالتأكيد، إليك وصف للصورة في جملة قصيرة:

يظهر في الصورة رجل أسود البشرة يرتدي قبعة زرقاء وقميصًا بدون أكمام، وهو يستند إلى سيارة كلاسيكية في مغسلة سيارات."
245895500_a4eb97af02.jpg,تُظهر الصورة صيادًا يقف في نهر، مع وجود حقول بخارية في الخلفية، وكل ذلك مؤطر بغصن شجرة في المقدمة.
2460126267_0deea8b645.jpg,الصورة تظهر طفلاً صغيراً يقف على ملعب عشبي اصطناعي بجانب كرة قدم ملونة، ويبدو منشغلاً أو ينتظر شيئاً ما.
2460134050_06de9f5c4a.jpg,الصورة تظهر كلبًا يركض في حقل عشبي، بأسلوب فني يشبه الرسم.
2460159430_71ab1aacfa.jpg,في الصورة، يركض كلب بني اللون في العشب الأخضر، بينما يظهر كلب أسود في الخلفية، مع وجود منازل وأشجار في الخلفية.
246041128_bedb09ed74.jpg,"بالتأكيد، إليك وصف للصورة في جملة قصيرة:

تجلس امرأة شابة ترتدي باروكة صفراء مجعدة وقميصًا أسود وبنطال جينز، مع كوبين من المشروبات على طاولة أمامها، في مشهد يبدو أنه في مقهى خارجي مع خلفية رمادية باهتة."
2460477085_088e25f857.jpg,"بالتأكيد، إليك وصف للصورة في جملة قصيرة:

يظهر في الصورة أب وأبناؤه وهم يقفزون على ترامبولين، حيث يقوم أحد الأبناء بحركة بهلوانية في الهواء بينما يحاول الآخر القفز، والأب يراقبهم بحماس."
246055693_ccb69ac5c6.jpg,"بالتأكيد، إليك وصف للصورة في جملة قصيرة:

يظهر كلب لونه أصفر فاتح وهو يقفز من على درج خشبي في حديقة خضراء."
2460797929_66446c13db.jpg,"بالتأكيد، إليك وصف للصورة في جملة قصيرة:

تُظهر الصورة مجموعة من الأشخاص يرتدون سترات نجاة برتقالية وهم يجلسون في قارب مطاطي في مياه خضراء، مع وجود مبانٍ خشبية على الطراز التقليدي في الخلفية."
2460799229_ce45a1d940.jpg,"بالتأكيد، إليك وصف للصورة في جملة قصيرة:

تظهر الصورة ثلاثة أطفال يرتدون سترات نجاة وهم يصعدون على طوف مصنوع من إطارات السيارات في بحيرة أو نهر."
2460823604_7f6f786b1c.jpg,الصورة تظهر طفلاً يلعب البيسبول وهو يركض لالتقاط الكرة في الملعب.
246094557_e174a5914f.jpg,في الصورة، طفلة صغيرة تطعم كلبًا أبيض صغيرًا يقف على قدميه الخلفيتين في حديقة خضراء.
2461372011_ebbf513766.jpg,تظهر الصورة شخصًا يمشي في الثلج مع كلبه، تحت سماء زرقاء صافية، مع وجود أشجار عارية في الخلفية.
2461616306_3ee7ac1b4b.jpg,
2461631708_decc5b8c87.jpg,الصورة تظهر مجموعة من الشباب يرتدون سترات نجاة ويجلسون على طوف مصنوع من أنابيب بلاستيكية وإطارات في الماء.
2461990494_c5ece064cc.jpg,الصورة تظهر رجلاً يرتدي قبعة ونظارات شمسية، يحمل حقيبة ظهر، يمشي في سوق مزدحم.
2462153092_e3f4d8f6a2.jpg,"بالتأكيد ، إليك وصف للصورة في جملة قصيرة:

فتاة تركض في حقل مع كلبين يطاردانها ، بينما يركض كلب ثالث بعيدًا في الخلفية."
246231741_882b45c4e1.jpg,تُظهر الصورة كلبين من سلالة الراعي الألماني في بيئة غابية، يبدو أنهما يتفاعلان أو يلعبان مع بعضهما البعض.
2462702522_1b25654762.jpg,الصورة تظهر طفلاً صغيراً يرتدي زي كرة سلة ويحاول رفع كرة سلة فوق رأسه.
2463067409_78188c584c.jpg,"بالتأكيد، إليك وصف للصورة في جملة قصيرة:

تظهر الصورة كلبًا رمادي اللون من فصيلة ""الويمارانر"" وهو يركض باتجاه الكاميرا في حديقة خضراء مع وجود بحيرة في الخلفية."
2464259416_238ef13a2e.jpg,"بالتأكيد، إليك وصف للصورة في جملة قصيرة:

تظهر الصورة كلبين يلعبان في منطقة رملية، أحدهما أسود وبني والآخر رمادي مجعد، ويبدو أنهما يستعدان للقفز أو اللعب معًا."
246508774_1e9885f1b7.jpg,"بالتأكيد ، إليك وصف للصورة في جملة قصيرة:

تُظهر الصورة مجموعة من الأشخاص في مكان خارجي في الليل ، مع وجود رجل يرتدي زيًا غريبًا يتكون من قميص برتقالي وبنطلون برتقالي مخطط."
2465218087_fca77998c6.jpg,يظهر في الصورة شخص يرتدي ملابس حمراء وزرقاء ويقف في الماء بجانب قارب كاياك أصفر، مع خلفية من الأرض الخضراء والسماء الزرقاء الصافية.
2465441099_a1761a1757.jpg,تُظهر الصورة مجموعة من الأشخاص في مكان عام، ربما محطة قطار أو مترو، منهمكون في استخدام هواتفهم المحمولة أو التحدث مع بعضهم البعض.
2465497494_43d74df57c.jpg,الصورة تظهر طفلاً صغيراً وهو يسكب محتويات شطيرة على العشب، ويبدو مندهشاً أو مستاءً.
2465691083_894fc48af6.jpg,"بالتأكيد، إليك وصف للصورة في جملة قصيرة:

كلب روتويلر أسود يسبح في الماء، مع انعكاسه الظاهر بوضوح على سطح الماء."
2466093839_33bbc8cbd9.jpg,الصورة تظهر طفلين يلعبان في الخارج، أحدهما يجلس على عربة بلاستيكية بينما يدفعها الآخر بسرعة، مما يظهر حركة ضبابية.
2466171100_5e60cfcc11.jpg,"بالتأكيد، إليك وصف للصورة في جملة قصيرة:

تظهر الصورة كلبين يلعبان في حقل أخضر، أحدهما بني اللون والآخر أسود، ويبدو أنهما يستمتعان بالركض واللعب معًا."
2466171114_3fa51415a7.jpg,في الصورة، يركض كلب بوكسر بني اللون بفرح وهو يحمل كرة في فمه على مسار ترابي في حديقة خضراء.
2466420387_86fe77c966.jpg,"بالتأكيد، إليك وصف للصورة في جملة قصيرة:

تظهر في الصورة امرأتان منحنِيَتان فوق سطح لامع، ربما يكتبان أو يرسمان، بينما يمر الناس في الخلفية في مكان يبدو أنه على شاطئ البحر."
2466495935_623b144183.jpg,الصورة تظهر مجموعة من الأولاد يلعبون كرة القدم في ملعب عشبي، مع وجود مرمى في الخلفية.
2467803152_70eeca1334.jpg,"بالتأكيد، إليك وصف للصورة في جملة قصيرة:

تظهر الصورة كلبين يركضان في الغابة، أحدهما أسود والآخر بلون البيج، يحمل الأخير عصا في فمه."
2467821766_0510c9a2d1.jpg,تظهر الصورة مجموعة من الأشخاص يسيرون في طريق جبلي مغطى بالثلوج، محاطين بأشجار طويلة عارية الأغصان.
2467850190_07a74d89b7.jpg,"بالتأكيد، إليك وصف للصورة في جملة قصيرة:

يشم كلب من نوع دوبرمان شخصًا راقدًا على الأرض، ويبدو أنه يستكشفه أو يلعب معه."
2467853482_17009933e8.jpg,الصورة تظهر صبيًا صغيرًا ينفخ فقاعات صابون، مع وجود العديد من الفقاعات تطفو في الهواء أمامه وخلفية رمادية.
2467856402_0490413d38.jpg,
246901891_4c4ea49c3a.jpg,"بالتأكيد، إليك وصف للصورة في جملة قصيرة:

تُظهر الصورة مشهدًا في مدينة، حيث يسير رجل على الرصيف بجانب شجرة وبنك، مع وجود سيارات ومباني في الخلفية."
2469351714_d72becd21e.jpg,الصورة تظهر شخصًا يقفز في الهواء بسعادة على كثبان رملية على شاطئ البحر، مع غروب الشمس في الخلفية.
2469498117_b4543e1460.jpg,"بالتأكيد، إليك وصف للصورة في جملة قصيرة:

تظهر الصورة كلبًا من سلالة غراي هاوند وهو يركض بسرعة كبيرة على مضمار سباق، مرتدياً سترة صفراء تحمل الرقم 6."
2469620360_6c620c6f35.jpg,تتجول امرأة في حقل من زهور التوليب الملونة.
2470486377_c3a39ccb7b.jpg,"بالتأكيد، إليك وصف للصورة في جملة قصيرة:

يشارك مجموعة من الأطفال في لعبة قتالية باستخدام وسادات رغوية في حديقة بها أشجار نخيل في الخلفية."
2470493181_2efbbf17bd.jpg,"بالتأكيد، إليك وصف للصورة في جملة قصيرة:

تُظهر الصورة مجموعة من الأطفال يشاركون في نشاط توازن على جذع شجرة موضوع على دعامات خرسانية في حديقة أو ملعب."
2470519275_65725fd38d.jpg,الصورة تظهر صبيًا يحاول الزحف عبر حفرة مليئة بالطين، ويبدو أنه يواجه صعوبة في ذلك.
